{
  "project_info": {
    "project_number": "156240284249",
    "project_id": "ecommerceapp-d0a64",
    "storage_bucket": "ecommerceapp-d0a64.firebasestorage.app"
  },
  "client": [
    {
      "client_info": {
        "mobilesdk_app_id": "1:156240284249:android:af104ef8c7862922d4ff48",
        "android_client_info": {
          "package_name": "com.example.ecommerceapplication"
        }
      },
      "oauth_client": [],
      "api_key": [
        {
          "current_key": "AIzaSyB3zz0YqzcfXQIrVMefH-5b73cNUm8UXjk"
        }
      ],
      "services": {
        "appinvite_service": {
          "other_platform_oauth_client": []
        }
      }
    }
  ],
  "configuration_version": "1"
}